Start_date,End_date,Rank,Song No
2024.01.01,2024.01.07,1,36910957
2024.01.01,2024.01.07,2,36956630
2024.01.01,2024.01.07,3,37003911
2024.01.01,2024.01.07,4,37023625
2024.01.01,2024.01.07,5,4352438
2024.01.08,2024.01.14,1,37023625
2024.01.08,2024.01.14,2,36910957
2024.01.08,2024.01.14,3,37003911
2024.01.08,2024.01.14,4,36956630
2024.01.08,2024.01.14,5,36382580
2024.01.15,2024.01.21,1,37023625
2024.01.15,2024.01.21,2,37003911
2024.01.15,2024.01.21,3,36910957
2024.01.15,2024.01.21,4,36956630
2024.01.15,2024.01.21,5,36382580
2024.01.22,2024.01.28,1,37023625
2024.01.22,2024.01.28,2,37003911
2024.01.22,2024.01.28,3,37145732
2024.01.22,2024.01.28,4,36910957
2024.01.22,2024.01.28,5,36956630
2024.01.29,2024.02.04,1,37145732
2024.01.29,2024.02.04,2,37003911
2024.01.29,2024.02.04,3,37023625
2024.01.29,2024.02.04,4,36910957
2024.01.29,2024.02.04,5,37053556
2024.02.05,2024.02.11,1,37145732
2024.02.05,2024.02.11,2,37003911
2024.02.05,2024.02.11,3,37023625
2024.02.05,2024.02.11,4,37098744
2024.02.05,2024.02.11,5,37053556
2024.02.12,2024.02.18,1,37145732
2024.02.12,2024.02.18,2,37003911
2024.02.12,2024.02.18,3,37023625
2024.02.12,2024.02.18,4,37140709
2024.02.12,2024.02.18,5,37098744
2024.02.19,2024.02.25,1,37145732
2024.02.19,2024.02.25,2,37194943
2024.02.19,2024.02.25,3,37140709
2024.02.19,2024.02.25,4,37003911
2024.02.19,2024.02.25,5,37023625
2024.02.26,2024.03.03,1,37194943
2024.02.26,2024.03.03,2,37145732
2024.02.26,2024.03.03,3,37140709
2024.02.26,2024.03.03,4,37225604
2024.02.26,2024.03.03,5,37003911
2024.03.04,2024.03.10,1,37194943
2024.03.04,2024.03.10,2,37140709
2024.03.04,2024.03.10,3,37145732
2024.03.04,2024.03.10,4,37225604
2024.03.04,2024.03.10,5,37138469
2024.03.11,2024.03.17,1,37194943
2024.03.11,2024.03.17,2,37140709
2024.03.11,2024.03.17,3,37138469
2024.03.11,2024.03.17,4,37225604
2024.03.11,2024.03.17,5,37145732
2024.03.18,2024.03.24,1,37138469
2024.03.18,2024.03.24,2,37194943
2024.03.18,2024.03.24,3,37140709
2024.03.18,2024.03.24,4,37225604
2024.03.18,2024.03.24,5,37145732
2024.03.25,2024.03.31,1,37138469
2024.03.25,2024.03.31,2,37140709
2024.03.25,2024.03.31,3,37194943
2024.03.25,2024.03.31,4,37225604
2024.03.25,2024.03.31,5,37145732
2024.04.01,2024.04.07,1,37138469
2024.04.01,2024.04.07,2,37140709
2024.04.01,2024.04.07,3,37347911
2024.04.01,2024.04.07,4,37194943
2024.04.01,2024.04.07,5,37145732
2024.04.08,2024.04.14,1,37347911
2024.04.08,2024.04.14,2,37138469
2024.04.08,2024.04.14,3,37140709
2024.04.08,2024.04.14,4,37194943
2024.04.08,2024.04.14,5,37145732
2024.04.15,2024.04.21,1,37347911
2024.04.15,2024.04.21,2,37138469
2024.04.15,2024.04.21,3,37140709
2024.04.15,2024.04.21,4,37194943
2024.04.15,2024.04.21,5,37228861
2024.04.22,2024.04.28,1,37347911
2024.04.22,2024.04.28,2,37138469
2024.04.22,2024.04.28,3,37140709
2024.04.22,2024.04.28,4,37373234
2024.04.22,2024.04.28,5,37228861
2024.04.29,2024.05.05,1,37460832
2024.04.29,2024.05.05,2,37347911
2024.04.29,2024.05.05,3,37138469
2024.04.29,2024.05.05,4,37373234
2024.04.29,2024.05.05,5,37140709
2024.05.06,2024.05.12,1,37460832
2024.05.06,2024.05.12,2,37347911
2024.05.06,2024.05.12,3,37463572
2024.05.06,2024.05.12,4,37138469
2024.05.06,2024.05.12,5,37373234
2024.05.13,2024.05.19,1,37460832
2024.05.13,2024.05.19,2,37347911
2024.05.13,2024.05.19,3,37463572
2024.05.13,2024.05.19,4,37373234
2024.05.13,2024.05.19,5,37138469
2024.05.20,2024.05.26,1,37524037
2024.05.20,2024.05.26,2,37460832
2024.05.20,2024.05.26,3,37463572
2024.05.20,2024.05.26,4,37347911
2024.05.20,2024.05.26,5,37373234
2024.05.27,2024.06.02,1,37524037
2024.05.27,2024.06.02,2,37563682
2024.05.27,2024.06.02,3,37460832
2024.05.27,2024.06.02,4,37464459
2024.05.27,2024.06.02,5,37463572
2024.06.03,2024.06.09,1,37524037
2024.06.03,2024.06.09,2,37563682
2024.06.03,2024.06.09,3,37464459
2024.06.03,2024.06.09,4,37460832
2024.06.03,2024.06.09,5,37390939
2024.06.10,2024.06.16,1,37524037
2024.06.10,2024.06.16,2,37563682
2024.06.10,2024.06.16,3,37464459
2024.06.10,2024.06.16,4,37390939
2024.06.10,2024.06.16,5,37460832
2024.06.17,2024.06.23,1,37524037
2024.06.17,2024.06.23,2,37563682
2024.06.17,2024.06.23,3,37464459
2024.06.17,2024.06.23,4,37390939
2024.06.17,2024.06.23,5,37373234
2024.06.24,2024.06.30,1,37524037
2024.06.24,2024.06.30,2,37657039
2024.06.24,2024.06.30,3,37563682
2024.06.24,2024.06.30,4,37390939
2024.06.24,2024.06.30,5,37464459
2024.07.01,2024.07.07,1,37524037
2024.07.01,2024.07.07,2,37657039
2024.07.01,2024.07.07,3,37563682
2024.07.01,2024.07.07,4,37390939
2024.07.01,2024.07.07,5,37464459
2024.07.08,2024.07.14,1,37524037
2024.07.08,2024.07.14,2,37657039
2024.07.08,2024.07.14,3,37563682
2024.07.08,2024.07.14,4,37390939
2024.07.08,2024.07.14,5,37464459
2024.07.15,2024.07.21,1,37524037
2024.07.15,2024.07.21,2,37657039
2024.07.15,2024.07.21,3,37563682
2024.07.15,2024.07.21,4,37390939
2024.07.15,2024.07.21,5,37659322
2024.07.22,2024.07.28,1,37524037
2024.07.22,2024.07.28,2,37563682
2024.07.22,2024.07.28,3,37657039
2024.07.22,2024.07.28,4,37659322
2024.07.22,2024.07.28,5,37693124
2024.07.29,2024.08.04,1,37524037
2024.07.29,2024.08.04,2,37563682
2024.07.29,2024.08.04,3,37737619
2024.07.29,2024.08.04,4,37657039
2024.07.29,2024.08.04,5,37693124
2024.08.05,2024.08.11,1,37524037
2024.08.05,2024.08.11,2,37563682
2024.08.05,2024.08.11,3,37737619
2024.08.05,2024.08.11,4,37693124
2024.08.05,2024.08.11,5,37657039
2024.08.12,2024.08.18,1,37524037
2024.08.12,2024.08.18,2,37737619
2024.08.12,2024.08.18,3,37563682
2024.08.12,2024.08.18,4,37693124
2024.08.12,2024.08.18,5,37657039
2024.08.19,2024.08.25,1,37524037
2024.08.19,2024.08.25,2,37737619
2024.08.19,2024.08.25,3,37563682
2024.08.19,2024.08.25,4,37693124
2024.08.19,2024.08.25,5,37657039
2024.08.26,2024.09.01,1,37524037
2024.08.26,2024.09.01,2,37737619
2024.08.26,2024.09.01,3,37563682
2024.08.26,2024.09.01,4,37693124
2024.08.26,2024.09.01,5,37657039
2024.09.02,2024.09.08,1,37946921
2024.09.02,2024.09.08,2,37524037
2024.09.02,2024.09.08,3,37737619
2024.09.02,2024.09.08,4,37323943
2024.09.02,2024.09.08,5,37563682
2024.09.09,2024.09.15,1,37946921
2024.09.09,2024.09.15,2,37323944
2024.09.09,2024.09.15,3,37524037
2024.09.09,2024.09.15,4,37323943
2024.09.09,2024.09.15,5,37737619
2024.09.16,2024.09.22,1,37323944
2024.09.16,2024.09.22,2,37323943
2024.09.16,2024.09.22,3,37524037
2024.09.16,2024.09.22,4,37946921
2024.09.16,2024.09.22,5,31927275
2024.09.23,2024.09.29,1,37323944
2024.09.23,2024.09.29,2,37323943
2024.09.23,2024.09.29,3,37524037
2024.09.23,2024.09.29,4,37946921
2024.09.23,2024.09.29,5,31927275
2024.09.30,2024.10.06,1,37323944
2024.09.30,2024.10.06,2,37323943
2024.09.30,2024.10.06,3,38022274
2024.09.30,2024.10.06,4,37524037
2024.09.30,2024.10.06,5,31927275
2024.10.07,2024.10.13,1,37323944
2024.10.07,2024.10.13,2,38022274
2024.10.07,2024.10.13,3,37323943
2024.10.07,2024.10.13,4,37524037
2024.10.07,2024.10.13,5,31927275
2024.10.14,2024.10.20,1,38077932
2024.10.14,2024.10.20,2,37323944
2024.10.14,2024.10.20,3,38022274
2024.10.14,2024.10.20,4,38087937
2024.10.14,2024.10.20,5,37323943
2024.10.21,2024.10.27,1,38120327
2024.10.21,2024.10.27,2,38077932
2024.10.21,2024.10.27,3,38087937
2024.10.21,2024.10.27,4,37323944
2024.10.21,2024.10.27,5,38123332
2024.10.28,2024.11.03,1,38120327
2024.10.28,2024.11.03,2,38123332
2024.10.28,2024.11.03,3,38077932
2024.10.28,2024.11.03,4,38087937
2024.10.28,2024.11.03,5,37323944
2024.11.04,2024.11.10,1,38120327
2024.11.04,2024.11.10,2,38123332
2024.11.04,2024.11.10,3,38164895
2024.11.04,2024.11.10,4,38077932
2024.11.04,2024.11.10,5,37323944
2024.11.11,2024.11.17,1,38120327
2024.11.11,2024.11.17,2,38123332
2024.11.11,2024.11.17,3,38164895
2024.11.11,2024.11.17,4,38077932
2024.11.11,2024.11.17,5,37323944
2024.11.18,2024.11.24,1,38120327
2024.11.18,2024.11.24,2,38123332
2024.11.18,2024.11.24,3,38164895
2024.11.18,2024.11.24,4,38077932
2024.11.18,2024.11.24,5,37323944
2024.11.25,2024.12.01,1,38242510
2024.11.25,2024.12.01,2,38120327
2024.11.25,2024.12.01,3,38123332
2024.11.25,2024.12.01,4,38164895
2024.11.25,2024.12.01,5,37323944
2024.12.02,2024.12.08,1,38242510
2024.12.02,2024.12.08,2,38120327
2024.12.02,2024.12.08,3,38123332
2024.12.02,2024.12.08,4,38164895
2024.12.02,2024.12.08,5,38123338
2024.12.09,2024.12.15,1,38242510
2024.12.09,2024.12.15,2,38120327
2024.12.09,2024.12.15,3,38123332
2024.12.09,2024.12.15,4,38123338
2024.12.09,2024.12.15,5,38164895
2024.12.16,2024.12.22,1,38242510
2024.12.16,2024.12.22,2,38120327
2024.12.16,2024.12.22,3,38123332
2024.12.16,2024.12.22,4,38123338
2024.12.16,2024.12.22,5,38300904
2024.12.23,2024.12.29,1,38242510
2024.12.23,2024.12.29,2,38120327
2024.12.23,2024.12.29,3,38123332
2024.12.23,2024.12.29,4,38123338
2024.12.23,2024.12.29,5,38300904
2023.01.02,2023.01.08,1,35945927
2023.01.02,2023.01.08,2,34819473
2023.01.02,2023.01.08,3,35985167
2023.01.02,2023.01.08,4,35454426
2023.01.02,2023.01.08,5,35937396
2023.01.09,2023.01.15,1,35945927
2023.01.09,2023.01.15,2,35985167
2023.01.09,2023.01.15,3,35454426
2023.01.09,2023.01.15,4,34819473
2023.01.09,2023.01.15,5,35729104
2023.01.16,2023.01.22,1,35945927
2023.01.16,2023.01.22,2,35985167
2023.01.16,2023.01.22,3,35454426
2023.01.16,2023.01.22,4,34819473
2023.01.16,2023.01.22,5,35729104
2023.01.23,2023.01.29,1,35945927
2023.01.23,2023.01.29,2,35985167
2023.01.23,2023.01.29,3,35454426
2023.01.23,2023.01.29,4,34819473
2023.01.23,2023.01.29,5,35729104
2023.01.30,2023.02.05,1,35945927
2023.01.30,2023.02.05,2,35985167
2023.01.30,2023.02.05,3,35454426
2023.01.30,2023.02.05,4,34819473
2023.01.30,2023.02.05,5,36034936
2023.02.06,2023.02.12,1,35945927
2023.02.06,2023.02.12,2,35985167
2023.02.06,2023.02.12,3,35454426
2023.02.06,2023.02.12,4,34819473
2023.02.06,2023.02.12,5,36034936
2023.02.13,2023.02.19,1,35945927
2023.02.13,2023.02.19,2,35985167
2023.02.13,2023.02.19,3,35454426
2023.02.13,2023.02.19,4,34819473
2023.02.13,2023.02.19,5,36110996
2023.02.20,2023.02.26,1,35945927
2023.02.20,2023.02.26,2,35985167
2023.02.20,2023.02.26,3,35454426
2023.02.20,2023.02.26,4,34819473
2023.02.20,2023.02.26,5,36110996
2023.02.27,2023.03.05,1,35945927
2023.02.27,2023.03.05,2,35985167
2023.02.27,2023.03.05,3,35454426
2023.02.27,2023.03.05,4,36110996
2023.02.27,2023.03.05,5,34819473
2023.03.06,2023.03.12,1,35945927
2023.03.06,2023.03.12,2,35985167
2023.03.06,2023.03.12,3,35454426
2023.03.06,2023.03.12,4,36105548
2023.03.06,2023.03.12,5,34819473
2023.03.13,2023.03.19,1,35945927
2023.03.13,2023.03.19,2,35985167
2023.03.13,2023.03.19,3,35454426
2023.03.13,2023.03.19,4,36105548
2023.03.13,2023.03.19,5,34819473
2023.03.20,2023.03.26,1,35945927
2023.03.20,2023.03.26,2,35985167
2023.03.20,2023.03.26,3,35454426
2023.03.20,2023.03.26,4,34819473
2023.03.20,2023.03.26,5,36105548
2023.03.27,2023.04.02,1,36318125
2023.03.27,2023.04.02,2,35945927
2023.03.27,2023.04.02,3,35454426
2023.03.27,2023.04.02,4,35985167
2023.03.27,2023.04.02,5,36105548
2023.04.03,2023.04.09,1,36318125
2023.04.03,2023.04.09,2,36331121
2023.04.03,2023.04.09,3,35945927
2023.04.03,2023.04.09,4,35454426
2023.04.03,2023.04.09,5,35985167
2023.04.10,2023.04.16,1,36318125
2023.04.10,2023.04.16,2,36356993
2023.04.10,2023.04.16,3,36331121
2023.04.10,2023.04.16,4,35945927
2023.04.10,2023.04.16,5,35454426
2023.04.17,2023.04.23,1,36356993
2023.04.17,2023.04.23,2,36318125
2023.04.17,2023.04.23,3,36331121
2023.04.17,2023.04.23,4,35945927
2023.04.17,2023.04.23,5,35454426
2023.04.24,2023.04.30,1,36356993
2023.04.24,2023.04.30,2,36318125
2023.04.24,2023.04.30,3,36331121
2023.04.24,2023.04.30,4,35945927
2023.04.24,2023.04.30,5,35454426
2023.05.01,2023.05.07,1,36356993
2023.05.01,2023.05.07,2,36318125
2023.05.01,2023.05.07,3,36411342
2023.05.01,2023.05.07,4,36331121
2023.05.01,2023.05.07,5,36391236
2023.05.08,2023.05.14,1,36356993
2023.05.08,2023.05.14,2,36411342
2023.05.08,2023.05.14,3,36318125
2023.05.08,2023.05.14,4,36331121
2023.05.08,2023.05.14,5,36391236
2023.05.15,2023.05.21,1,36356993
2023.05.15,2023.05.21,2,36411342
2023.05.15,2023.05.21,3,36416114
2023.05.15,2023.05.21,4,36318125
2023.05.15,2023.05.21,5,36430773
2023.05.22,2023.05.28,1,36416114
2023.05.22,2023.05.28,2,36430773
2023.05.22,2023.05.28,3,36356993
2023.05.22,2023.05.28,4,36411342
2023.05.22,2023.05.28,5,36318125
2023.05.29,2023.06.04,1,36430773
2023.05.29,2023.06.04,2,36416114
2023.05.29,2023.06.04,3,36356993
2023.05.29,2023.06.04,4,36411342
2023.05.29,2023.06.04,5,36318125
2023.06.05,2023.06.11,1,36430773
2023.06.05,2023.06.11,2,36356993
2023.06.05,2023.06.11,3,36416114
2023.06.05,2023.06.11,4,36411342
2023.06.05,2023.06.11,5,36318125
2023.06.12,2023.06.18,1,36430773
2023.06.12,2023.06.18,2,36356993
2023.06.12,2023.06.18,3,36416114
2023.06.12,2023.06.18,4,36411342
2023.06.12,2023.06.18,5,36318125
2023.06.19,2023.06.25,1,36430773
2023.06.19,2023.06.25,2,36356993
2023.06.19,2023.06.25,3,36416114
2023.06.19,2023.06.25,4,36411344
2023.06.19,2023.06.25,5,36411342
2023.06.26,2023.07.02,1,36430773
2023.06.26,2023.07.02,2,36356993
2023.06.26,2023.07.02,3,36416114
2023.06.26,2023.07.02,4,36411344
2023.06.26,2023.07.02,5,36411342
2023.07.03,2023.07.09,1,36430773
2023.07.03,2023.07.09,2,36356993
2023.07.03,2023.07.09,3,36411344
2023.07.03,2023.07.09,4,36416114
2023.07.03,2023.07.09,5,36411342
2023.07.10,2023.07.16,1,36599950
2023.07.10,2023.07.16,2,36430773
2023.07.10,2023.07.16,3,36356993
2023.07.10,2023.07.16,4,36411344
2023.07.10,2023.07.16,5,36382580
2023.07.17,2023.07.23,1,36599950
2023.07.17,2023.07.23,2,36430773
2023.07.17,2023.07.23,3,36617841
2023.07.17,2023.07.23,4,36382580
2023.07.17,2023.07.23,5,36356993
2023.07.24,2023.07.30,1,36599950
2023.07.24,2023.07.30,2,36617841
2023.07.24,2023.07.30,3,36635522
2023.07.24,2023.07.30,4,36430773
2023.07.24,2023.07.30,5,36382580
2023.07.31,2023.08.06,1,36599950
2023.07.31,2023.08.06,2,36635522
2023.07.31,2023.08.06,3,36617841
2023.07.31,2023.08.06,4,36430773
2023.07.31,2023.08.06,5,36382580
2023.08.07,2023.08.13,1,36599950
2023.08.07,2023.08.13,2,36635522
2023.08.07,2023.08.13,3,36617841
2023.08.07,2023.08.13,4,36430773
2023.08.07,2023.08.13,5,36382580
2023.08.14,2023.08.20,1,36599950
2023.08.14,2023.08.20,2,36635522
2023.08.14,2023.08.20,3,36617841
2023.08.14,2023.08.20,4,36430773
2023.08.14,2023.08.20,5,36382580
2023.08.21,2023.08.27,1,36599950
2023.08.21,2023.08.27,2,36617841
2023.08.21,2023.08.27,3,36635522
2023.08.21,2023.08.27,4,36382580
2023.08.21,2023.08.27,5,36430773
2023.08.28,2023.09.03,1,36617841
2023.08.28,2023.09.03,2,36599950
2023.08.28,2023.09.03,3,36635522
2023.08.28,2023.09.03,4,36382580
2023.08.28,2023.09.03,5,36681074
2023.09.04,2023.09.10,1,36713849
2023.09.04,2023.09.10,2,36617841
2023.09.04,2023.09.10,3,36599950
2023.09.04,2023.09.10,4,36635522
2023.09.04,2023.09.10,5,36681074
2023.09.11,2023.09.17,1,36713849
2023.09.11,2023.09.17,2,36617841
2023.09.11,2023.09.17,3,36599950
2023.09.11,2023.09.17,4,36761467
2023.09.11,2023.09.17,5,36635522
2023.09.18,2023.09.24,1,36713849
2023.09.18,2023.09.24,2,36761467
2023.09.18,2023.09.24,3,36713850
2023.09.18,2023.09.24,4,36617841
2023.09.18,2023.09.24,5,36599950
2023.09.25,2023.10.01,1,36713849
2023.09.25,2023.10.01,2,36713850
2023.09.25,2023.10.01,3,36761467
2023.09.25,2023.10.01,4,36617841
2023.09.25,2023.10.01,5,36599950
2023.10.02,2023.10.08,1,36713849
2023.10.02,2023.10.08,2,36713850
2023.10.02,2023.10.08,3,36761467
2023.10.02,2023.10.08,4,36617841
2023.10.02,2023.10.08,5,36599950
2023.10.09,2023.10.15,1,36713849
2023.10.09,2023.10.15,2,36713850
2023.10.09,2023.10.15,3,36761467
2023.10.09,2023.10.15,4,36617841
2023.10.09,2023.10.15,5,36852553
2023.10.16,2023.10.22,1,36713849
2023.10.16,2023.10.22,2,36713850
2023.10.16,2023.10.22,3,36852553
2023.10.16,2023.10.22,4,36824901
2023.10.16,2023.10.22,5,36761467
2023.10.23,2023.10.29,1,36713849
2023.10.23,2023.10.29,2,36713850
2023.10.23,2023.10.29,3,36852553
2023.10.23,2023.10.29,4,36824901
2023.10.23,2023.10.29,5,36871671
2023.10.30,2023.11.05,1,36713849
2023.10.30,2023.11.05,2,36871671
2023.10.30,2023.11.05,3,36713850
2023.10.30,2023.11.05,4,36852553
2023.10.30,2023.11.05,5,36824901
2023.11.06,2023.11.12,1,36871671
2023.11.06,2023.11.12,2,36713849
2023.11.06,2023.11.12,3,36713850
2023.11.06,2023.11.12,4,36852553
2023.11.06,2023.11.12,5,36617841
2023.11.13,2023.11.19,1,36871671
2023.11.13,2023.11.19,2,36713849
2023.11.13,2023.11.19,3,36713850
2023.11.13,2023.11.19,4,36910957
2023.11.13,2023.11.19,5,36852553
2023.11.20,2023.11.26,1,36910957
2023.11.20,2023.11.26,2,36871671
2023.11.20,2023.11.26,3,36956630
2023.11.20,2023.11.26,4,36713849
2023.11.20,2023.11.26,5,36713850
2023.11.27,2023.12.03,1,36910957
2023.11.27,2023.12.03,2,36956630
2023.11.27,2023.12.03,3,36871671
2023.11.27,2023.12.03,4,37003911
2023.11.27,2023.12.03,5,36713849
2023.12.04,2023.12.10,1,36910957
2023.12.04,2023.12.10,2,36956630
2023.12.04,2023.12.10,3,36871671
2023.12.04,2023.12.10,4,37003911
2023.12.04,2023.12.10,5,36713849
2023.12.11,2023.12.17,1,36910957
2023.12.11,2023.12.17,2,36956630
2023.12.11,2023.12.17,3,37003911
2023.12.11,2023.12.17,4,4352438
2023.12.11,2023.12.17,5,36871671
2023.12.18,2023.12.24,1,4352438
2023.12.18,2023.12.24,2,36910957
2023.12.18,2023.12.24,3,36956630
2023.12.18,2023.12.24,4,37003911
2023.12.18,2023.12.24,5,14776
2023.12.25,2023.12.31,1,36910957
2023.12.25,2023.12.31,2,4352438
2023.12.25,2023.12.31,3,36956630
2023.12.25,2023.12.31,4,37003911
2023.12.25,2023.12.31,5,36382580
2022.01.03,2022.01.09,1,34398735
2022.01.03,2022.01.09,2,34256568
2022.01.03,2022.01.09,3,34298499
2022.01.03,2022.01.09,4,34481682
2022.01.03,2022.01.09,5,34349913
2022.01.10,2022.01.16,1,34431086
2022.01.10,2022.01.16,2,34256568
2022.01.10,2022.01.16,3,34398735
2022.01.10,2022.01.16,4,34298499
2022.01.10,2022.01.16,5,34349913
2022.01.17,2022.01.23,1,34431086
2022.01.17,2022.01.23,2,34256568
2022.01.17,2022.01.23,3,34398735
2022.01.17,2022.01.23,4,34298499
2022.01.17,2022.01.23,5,34349913
2022.01.24,2022.01.30,1,34431086
2022.01.24,2022.01.30,2,34256568
2022.01.24,2022.01.30,3,34398735
2022.01.24,2022.01.30,4,34061322
2022.01.24,2022.01.30,5,34349913
2022.01.31,2022.02.06,1,34431086
2022.01.31,2022.02.06,2,34256568
2022.01.31,2022.02.06,3,34061322
2022.01.31,2022.02.06,4,34494149
2022.01.31,2022.02.06,5,34349913
2022.02.07,2022.02.13,1,34431086
2022.02.07,2022.02.13,2,34061322
2022.02.07,2022.02.13,3,34535898
2022.02.07,2022.02.13,4,34256568
2022.02.07,2022.02.13,5,34349913
2022.02.14,2022.02.20,1,34431086
2022.02.14,2022.02.20,2,34626109
2022.02.14,2022.02.20,3,34061322
2022.02.14,2022.02.20,4,34349913
2022.02.14,2022.02.20,5,34256568
2022.02.21,2022.02.27,1,34626109
2022.02.21,2022.02.27,2,34431086
2022.02.21,2022.02.27,3,34599917
2022.02.21,2022.02.27,4,34061322
2022.02.21,2022.02.27,5,34349913
2022.02.28,2022.03.06,1,34626109
2022.02.28,2022.03.06,2,34431086
2022.02.28,2022.03.06,3,34599917
2022.02.28,2022.03.06,4,34061322
2022.02.28,2022.03.06,5,34701627
2022.03.07,2022.03.13,1,34626109
2022.03.07,2022.03.13,2,34431086
2022.03.07,2022.03.13,3,34701627
2022.03.07,2022.03.13,4,34061322
2022.03.07,2022.03.13,5,34599917
2022.03.14,2022.03.20,1,34752700
2022.03.14,2022.03.20,2,34626109
2022.03.14,2022.03.20,3,34754292
2022.03.14,2022.03.20,4,34431086
2022.03.14,2022.03.20,5,34701627
2022.03.21,2022.03.27,1,34754292
2022.03.21,2022.03.27,2,34752700
2022.03.21,2022.03.27,3,34772475
2022.03.21,2022.03.27,4,34626109
2022.03.21,2022.03.27,5,34431086
2022.03.28,2022.04.03,1,34754292
2022.03.28,2022.04.03,2,34752700
2022.03.28,2022.04.03,3,34772475
2022.03.28,2022.04.03,4,34657844
2022.03.28,2022.04.03,5,34431086
2022.04.04,2022.04.10,1,34845949
2022.04.04,2022.04.10,2,34754292
2022.04.04,2022.04.10,3,34772475
2022.04.04,2022.04.10,4,34752700
2022.04.04,2022.04.10,5,34657844
2022.04.11,2022.04.17,1,34845949
2022.04.11,2022.04.17,2,34754292
2022.04.11,2022.04.17,3,34772475
2022.04.11,2022.04.17,4,34847378
2022.04.11,2022.04.17,5,34657844
2022.04.18,2022.04.24,1,34845949
2022.04.18,2022.04.24,2,34754292
2022.04.18,2022.04.24,3,34847378
2022.04.18,2022.04.24,4,34772475
2022.04.18,2022.04.24,5,34657844
2022.04.25,2022.05.01,1,34845949
2022.04.25,2022.05.01,2,34847378
2022.04.25,2022.05.01,3,34754292
2022.04.25,2022.05.01,4,34657844
2022.04.25,2022.05.01,5,34772475
2022.05.02,2022.05.08,1,34845949
2022.05.02,2022.05.08,2,34847378
2022.05.02,2022.05.08,3,34754292
2022.05.02,2022.05.08,4,34997078
2022.05.02,2022.05.08,5,34657844
2022.05.09,2022.05.15,1,34997078
2022.05.09,2022.05.15,2,34845949
2022.05.09,2022.05.15,3,34847378
2022.05.09,2022.05.15,4,34754292
2022.05.09,2022.05.15,5,34657844
2022.05.16,2022.05.22,1,34997078
2022.05.16,2022.05.22,2,34754292
2022.05.16,2022.05.22,3,34847378
2022.05.16,2022.05.22,4,34845949
2022.05.16,2022.05.22,5,34657844
2022.05.23,2022.05.29,1,34997078
2022.05.23,2022.05.29,2,34754292
2022.05.23,2022.05.29,3,34847378
2022.05.23,2022.05.29,4,34845949
2022.05.23,2022.05.29,5,34657844
2022.05.30,2022.06.05,1,34997078
2022.05.30,2022.06.05,2,34754292
2022.05.30,2022.06.05,3,34847378
2022.05.30,2022.06.05,4,34657844
2022.05.30,2022.06.05,5,34845949
2022.06.06,2022.06.12,1,34997078
2022.06.06,2022.06.12,2,34754292
2022.06.06,2022.06.12,3,34847378
2022.06.06,2022.06.12,4,34657844
2022.06.06,2022.06.12,5,34845949
2022.06.13,2022.06.19,1,34754292
2022.06.13,2022.06.19,2,34847378
2022.06.13,2022.06.19,3,34997078
2022.06.13,2022.06.19,4,34657844
2022.06.13,2022.06.19,5,34927767
2022.06.20,2022.06.26,1,34847378
2022.06.20,2022.06.26,2,34754292
2022.06.20,2022.06.26,3,34997078
2022.06.20,2022.06.26,4,34657844
2022.06.20,2022.06.26,5,34927767
2022.06.27,2022.07.03,1,34847378
2022.06.27,2022.07.03,2,34754292
2022.06.27,2022.07.03,3,34997078
2022.06.27,2022.07.03,4,34657844
2022.06.27,2022.07.03,5,34927767
2022.07.04,2022.07.10,1,34847378
2022.07.04,2022.07.10,2,34754292
2022.07.04,2022.07.10,3,34997078
2022.07.04,2022.07.10,4,35333345
2022.07.04,2022.07.10,5,34927767
2022.07.11,2022.07.17,1,35383397
2022.07.11,2022.07.17,2,35383398
2022.07.11,2022.07.17,3,34847378
2022.07.11,2022.07.17,4,35333345
2022.07.11,2022.07.17,5,34754292
2022.07.18,2022.07.24,1,35383397
2022.07.18,2022.07.24,2,35383398
2022.07.18,2022.07.24,3,34847378
2022.07.18,2022.07.24,4,35333345
2022.07.18,2022.07.24,5,34927767
2022.07.25,2022.07.31,1,35383397
2022.07.25,2022.07.31,2,35383398
2022.07.25,2022.07.31,3,34847378
2022.07.25,2022.07.31,4,35333345
2022.07.25,2022.07.31,5,34754292
2022.08.01,2022.08.07,1,35383397
2022.08.01,2022.08.07,2,35383398
2022.08.01,2022.08.07,3,34847378
2022.08.01,2022.08.07,4,35333345
2022.08.01,2022.08.07,5,35413033
2022.08.08,2022.08.14,1,35383397
2022.08.08,2022.08.14,2,35454425
2022.08.08,2022.08.14,3,35383398
2022.08.08,2022.08.14,4,34847378
2022.08.08,2022.08.14,5,35413033
2022.08.15,2022.08.21,1,35454425
2022.08.15,2022.08.21,2,35383397
2022.08.15,2022.08.21,3,35454426
2022.08.15,2022.08.21,4,35383398
2022.08.15,2022.08.21,5,34847378
2022.08.22,2022.08.28,1,35454425
2022.08.22,2022.08.28,2,35542908
2022.08.22,2022.08.28,3,35454426
2022.08.22,2022.08.28,4,35546497
2022.08.22,2022.08.28,5,35504734
2022.08.29,2022.09.04,1,35546497
2022.08.29,2022.09.04,2,35454425
2022.08.29,2022.09.04,3,35542908
2022.08.29,2022.09.04,4,35454426
2022.08.29,2022.09.04,5,35504734
2022.09.05,2022.09.11,1,35546497
2022.09.05,2022.09.11,2,35454425
2022.09.05,2022.09.11,3,35542908
2022.09.05,2022.09.11,4,35454426
2022.09.05,2022.09.11,5,34847378
2022.09.12,2022.09.18,1,35546497
2022.09.12,2022.09.18,2,35542908
2022.09.12,2022.09.18,3,35454425
2022.09.12,2022.09.18,4,35454426
2022.09.12,2022.09.18,5,34847378
2022.09.19,2022.09.25,1,35546497
2022.09.19,2022.09.25,2,35595136
2022.09.19,2022.09.25,3,35542908
2022.09.19,2022.09.25,4,35454425
2022.09.19,2022.09.25,5,35454426
2022.09.26,2022.10.02,1,35595136
2022.09.26,2022.10.02,2,35546497
2022.09.26,2022.10.02,3,35454425
2022.09.26,2022.10.02,4,35542908
2022.09.26,2022.10.02,5,35640077
2022.10.03,2022.10.09,1,35595136
2022.10.03,2022.10.09,2,35546497
2022.10.03,2022.10.09,3,35454426
2022.10.03,2022.10.09,4,35640077
2022.10.03,2022.10.09,5,35454425
2022.10.10,2022.10.16,1,35595136
2022.10.10,2022.10.16,2,35546497
2022.10.10,2022.10.16,3,35454426
2022.10.10,2022.10.16,4,35640077
2022.10.10,2022.10.16,5,35454425
2022.10.17,2022.10.23,1,35730562
2022.10.17,2022.10.23,2,35595136
2022.10.17,2022.10.23,3,35546497
2022.10.17,2022.10.23,4,35454426
2022.10.17,2022.10.23,5,35665282
2022.10.24,2022.10.30,1,35730562
2022.10.24,2022.10.30,2,35595136
2022.10.24,2022.10.30,3,35729104
2022.10.24,2022.10.30,4,35546497
2022.10.24,2022.10.30,5,35454426
2022.10.31,2022.11.06,1,35730562
2022.10.31,2022.11.06,2,34819473
2022.10.31,2022.11.06,3,35729104
2022.10.31,2022.11.06,4,35595136
2022.10.31,2022.11.06,5,35546497
2022.11.07,2022.11.13,1,34819473
2022.11.07,2022.11.13,2,35730562
2022.11.07,2022.11.13,3,35729104
2022.11.07,2022.11.13,4,35454426
2022.11.07,2022.11.13,5,35546497
2022.11.14,2022.11.20,1,34819473
2022.11.14,2022.11.20,2,35730562
2022.11.14,2022.11.20,3,35729104
2022.11.14,2022.11.20,4,35454426
2022.11.14,2022.11.20,5,35546497
2022.11.21,2022.11.27,1,34819473
2022.11.21,2022.11.27,2,35729104
2022.11.21,2022.11.27,3,35730562
2022.11.21,2022.11.27,4,35454426
2022.11.21,2022.11.27,5,35546497
2022.11.28,2022.12.04,1,34819473
2022.11.28,2022.12.04,2,35729104
2022.11.28,2022.12.04,3,35454426
2022.11.28,2022.12.04,4,35730562
2022.11.28,2022.12.04,5,35546497
2022.12.05,2022.12.11,1,34819473
2022.12.05,2022.12.11,2,35454426
2022.12.05,2022.12.11,3,35729104
2022.12.05,2022.12.11,4,35888871
2022.12.05,2022.12.11,5,35730562
2022.12.12,2022.12.18,1,34819473
2022.12.12,2022.12.18,2,35454426
2022.12.12,2022.12.18,3,35729104
2022.12.12,2022.12.18,4,35888871
2022.12.12,2022.12.18,5,35546497
2022.12.19,2022.12.25,1,35945927
2022.12.19,2022.12.25,2,34819473
2022.12.19,2022.12.25,3,35454426
2022.12.19,2022.12.25,4,35937396
2022.12.19,2022.12.25,5,35729104
2022.12.26,2023.01.01,1,35945927
2022.12.26,2023.01.01,2,34819473
2022.12.26,2023.01.01,3,35454426
2022.12.26,2023.01.01,4,35937396
2022.12.26,2023.01.01,5,35729104
2021.01.04,2021.01.10,1,33077590
2021.01.04,2021.01.10,2,33061995
2021.01.04,2021.01.10,3,32872978
2021.01.04,2021.01.10,4,33013877
2021.01.04,2021.01.10,5,33115807
2021.01.11,2021.01.17,1,33077590
2021.01.11,2021.01.17,2,33061995
2021.01.11,2021.01.17,3,32872978
2021.01.11,2021.01.17,4,33013877
2021.01.11,2021.01.17,5,32961718
2021.01.18,2021.01.24,1,33061995
2021.01.18,2021.01.24,2,33077590
2021.01.18,2021.01.24,3,32872978
2021.01.18,2021.01.24,4,33013877
2021.01.18,2021.01.24,5,32961718
2021.01.25,2021.01.31,1,33239419
2021.01.25,2021.01.31,2,33061995
2021.01.25,2021.01.31,3,33077590
2021.01.25,2021.01.31,4,32872978
2021.01.25,2021.01.31,5,33229299
2021.02.01,2021.02.07,1,33239419
2021.02.01,2021.02.07,2,33061995
2021.02.01,2021.02.07,3,32872978
2021.02.01,2021.02.07,4,33077590
2021.02.01,2021.02.07,5,33013877
2021.02.08,2021.02.14,1,33239419
2021.02.08,2021.02.14,2,33061995
2021.02.08,2021.02.14,3,32872978
2021.02.08,2021.02.14,4,33077590
2021.02.08,2021.02.14,5,33013877
2021.02.15,2021.02.21,1,33239419
2021.02.15,2021.02.21,2,33061995
2021.02.15,2021.02.21,3,32872978
2021.02.15,2021.02.21,4,33077590
2021.02.15,2021.02.21,5,33013877
2021.02.22,2021.02.28,1,33239419
2021.02.22,2021.02.28,2,33061995
2021.02.22,2021.02.28,3,32872978
2021.02.22,2021.02.28,4,33077590
2021.02.22,2021.02.28,5,33013877
2021.03.01,2021.03.07,1,33239419
2021.03.01,2021.03.07,2,30287019
2021.03.01,2021.03.07,3,33061995
2021.03.01,2021.03.07,4,32872978
2021.03.01,2021.03.07,5,33077590
2021.03.08,2021.03.14,1,30287019
2021.03.08,2021.03.14,2,33239419
2021.03.08,2021.03.14,3,33331004
2021.03.08,2021.03.14,4,33061995
2021.03.08,2021.03.14,5,32872978
2021.03.15,2021.03.21,1,30287019
2021.03.15,2021.03.21,2,33239419
2021.03.15,2021.03.21,3,33346446
2021.03.15,2021.03.21,4,33331004
2021.03.15,2021.03.21,5,32872978
2021.03.22,2021.03.28,1,30287019
2021.03.22,2021.03.28,2,33239419
2021.03.22,2021.03.28,3,33372781
2021.03.22,2021.03.28,4,33346446
2021.03.22,2021.03.28,5,33331004
2021.03.29,2021.04.04,1,33372781
2021.03.29,2021.04.04,2,30287019
2021.03.29,2021.04.04,3,33239419
2021.03.29,2021.04.04,4,33372783
2021.03.29,2021.04.04,5,33346446
2021.04.05,2021.04.11,1,33372781
2021.04.05,2021.04.11,2,30287019
2021.04.05,2021.04.11,3,33239419
2021.04.05,2021.04.11,4,33372783
2021.04.05,2021.04.11,5,33359317
2021.04.12,2021.04.18,1,30287019
2021.04.12,2021.04.18,2,33372781
2021.04.12,2021.04.18,3,33239419
2021.04.12,2021.04.18,4,33359317
2021.04.12,2021.04.18,5,32860397
2021.04.19,2021.04.25,1,30287019
2021.04.19,2021.04.25,2,33372781
2021.04.19,2021.04.25,3,33359317
2021.04.19,2021.04.25,4,33239419
2021.04.19,2021.04.25,5,32860397
2021.04.26,2021.05.02,1,30287019
2021.04.26,2021.05.02,2,33372781
2021.04.26,2021.05.02,3,33359317
2021.04.26,2021.05.02,4,33239419
2021.04.26,2021.05.02,5,32860397
2021.05.03,2021.05.09,1,30287019
2021.05.03,2021.05.09,2,33359317
2021.05.03,2021.05.09,3,33372781
2021.05.03,2021.05.09,4,32860397
2021.05.03,2021.05.09,5,33239419
2021.05.10,2021.05.16,1,30287019
2021.05.10,2021.05.16,2,33359317
2021.05.10,2021.05.16,3,33372781
2021.05.10,2021.05.16,4,32860397
2021.05.10,2021.05.16,5,33239419
2021.05.17,2021.05.23,1,33359317
2021.05.17,2021.05.23,2,30287019
2021.05.17,2021.05.23,3,33464805
2021.05.17,2021.05.23,4,33372781
2021.05.17,2021.05.23,5,32860397
2021.05.24,2021.05.30,1,33507137
2021.05.24,2021.05.30,2,33464805
2021.05.24,2021.05.30,3,33359317
2021.05.24,2021.05.30,4,33503722
2021.05.24,2021.05.30,5,30287019
2021.05.31,2021.06.06,1,33507137
2021.05.31,2021.06.06,2,33464805
2021.05.31,2021.06.06,3,33503722
2021.05.31,2021.06.06,4,33487342
2021.05.31,2021.06.06,5,33359317
2021.06.07,2021.06.13,1,33507137
2021.06.07,2021.06.13,2,33503722
2021.06.07,2021.06.13,3,33487342
2021.06.07,2021.06.13,4,33464805
2021.06.07,2021.06.13,5,33359317
2021.06.14,2021.06.20,1,33507137
2021.06.14,2021.06.20,2,33487342
2021.06.14,2021.06.20,3,33503722
2021.06.14,2021.06.20,4,33464805
2021.06.14,2021.06.20,5,33359317
2021.06.21,2021.06.27,1,33487342
2021.06.21,2021.06.27,2,33507137
2021.06.21,2021.06.27,3,33503722
2021.06.21,2021.06.27,4,33589260
2021.06.21,2021.06.27,5,33464805
2021.06.28,2021.07.04,1,33625988
2021.06.28,2021.07.04,2,33487342
2021.06.28,2021.07.04,3,33625989
2021.06.28,2021.07.04,4,33507137
2021.06.28,2021.07.04,5,33503722
2021.07.05,2021.07.11,1,33625988
2021.07.05,2021.07.11,2,33487342
2021.07.05,2021.07.11,3,33507137
2021.07.05,2021.07.11,4,33625989
2021.07.05,2021.07.11,5,33503722
2021.07.12,2021.07.18,1,33625988
2021.07.12,2021.07.18,2,33487342
2021.07.12,2021.07.18,3,33480898
2021.07.12,2021.07.18,4,33507137
2021.07.12,2021.07.18,5,33666269
2021.07.19,2021.07.25,1,33625988
2021.07.19,2021.07.25,2,33487342
2021.07.19,2021.07.25,3,33480898
2021.07.19,2021.07.25,4,33666269
2021.07.19,2021.07.25,5,33507137
2021.07.26,2021.08.01,1,33625988
2021.07.26,2021.08.01,2,33480898
2021.07.26,2021.08.01,3,33487342
2021.07.26,2021.08.01,4,33666269
2021.07.26,2021.08.01,5,33725775
2021.08.02,2021.08.08,1,33625988
2021.08.02,2021.08.08,2,33480898
2021.08.02,2021.08.08,3,33487342
2021.08.02,2021.08.08,4,33725775
2021.08.02,2021.08.08,5,33666269
2021.08.09,2021.08.15,1,33480898
2021.08.09,2021.08.15,2,33625988
2021.08.09,2021.08.15,3,33487342
2021.08.09,2021.08.15,4,33725775
2021.08.09,2021.08.15,5,33655994
2021.08.16,2021.08.22,1,33480898
2021.08.16,2021.08.22,2,33625988
2021.08.16,2021.08.22,3,33487342
2021.08.16,2021.08.22,4,33725775
2021.08.16,2021.08.22,5,33655994
2021.08.23,2021.08.29,1,33480898
2021.08.23,2021.08.29,2,33625988
2021.08.23,2021.08.29,3,33658563
2021.08.23,2021.08.29,4,33487342
2021.08.23,2021.08.29,5,33725775
2021.08.30,2021.09.05,1,33658563
2021.08.30,2021.09.05,2,33480898
2021.08.30,2021.09.05,3,33487342
2021.08.30,2021.09.05,4,33625988
2021.08.30,2021.09.05,5,33725775
2021.09.06,2021.09.12,1,33658563
2021.09.06,2021.09.12,2,33480898
2021.09.06,2021.09.12,3,33487342
2021.09.06,2021.09.12,4,33625988
2021.09.06,2021.09.12,5,33655994
2021.09.13,2021.09.19,1,33658563
2021.09.13,2021.09.19,2,33480898
2021.09.13,2021.09.19,3,33487342
2021.09.13,2021.09.19,4,33625988
2021.09.13,2021.09.19,5,32698101
2021.09.20,2021.09.26,1,33658563
2021.09.20,2021.09.26,2,33480898
2021.09.20,2021.09.26,3,32698101
2021.09.20,2021.09.26,4,33487342
2021.09.20,2021.09.26,5,33625988
2021.09.27,2021.10.03,1,33658563
2021.09.27,2021.10.03,2,33480898
2021.09.27,2021.10.03,3,32698101
2021.09.27,2021.10.03,4,33998510
2021.09.27,2021.10.03,5,33487342
2021.10.04,2021.10.10,1,33658563
2021.10.04,2021.10.10,2,33480898
2021.10.04,2021.10.10,3,33998510
2021.10.04,2021.10.10,4,34041584
2021.10.04,2021.10.10,5,33725775
2021.10.11,2021.10.17,1,34041584
2021.10.11,2021.10.17,2,33658563
2021.10.11,2021.10.17,3,33480898
2021.10.11,2021.10.17,4,33998510
2021.10.11,2021.10.17,5,33487342
2021.10.18,2021.10.24,1,34101563
2021.10.18,2021.10.24,2,34041584
2021.10.18,2021.10.24,3,33658563
2021.10.18,2021.10.24,4,33480898
2021.10.18,2021.10.24,5,33487342
2021.10.25,2021.10.31,1,34101563
2021.10.25,2021.10.31,2,34041584
2021.10.25,2021.10.31,3,33658563
2021.10.25,2021.10.31,4,33480898
2021.10.25,2021.10.31,5,33487342
2021.11.01,2021.11.07,1,34101563
2021.11.01,2021.11.07,2,34041584
2021.11.01,2021.11.07,3,33658563
2021.11.01,2021.11.07,4,33480898
2021.11.01,2021.11.07,5,33496587
2021.11.08,2021.11.14,1,34215822
2021.11.08,2021.11.14,2,34101563
2021.11.08,2021.11.14,3,34215821
2021.11.08,2021.11.14,4,34041584
2021.11.08,2021.11.14,5,33658563
2021.11.15,2021.11.21,1,34256568
2021.11.15,2021.11.21,2,34215822
2021.11.15,2021.11.21,3,34215821
2021.11.15,2021.11.21,4,34101563
2021.11.15,2021.11.21,5,34041584
2021.11.22,2021.11.28,1,34298499
2021.11.22,2021.11.28,2,34256568
2021.11.22,2021.11.28,3,34298496
2021.11.22,2021.11.28,4,34215822
2021.11.22,2021.11.28,5,34215821
2021.11.29,2021.12.05,1,34298499
2021.11.29,2021.12.05,2,34256568
2021.11.29,2021.12.05,3,34298496
2021.11.29,2021.12.05,4,34215822
2021.11.29,2021.12.05,5,34331506
2021.12.06,2021.12.12,1,34298499
2021.12.06,2021.12.12,2,34256568
2021.12.06,2021.12.12,3,34298496
2021.12.06,2021.12.12,4,34331506
2021.12.06,2021.12.12,5,34215822
2021.12.13,2021.12.19,1,34398735
2021.12.13,2021.12.19,2,34298499
2021.12.13,2021.12.19,3,34256568
2021.12.13,2021.12.19,4,34298496
2021.12.13,2021.12.19,5,34331506
2021.12.20,2021.12.26,1,34398735
2021.12.20,2021.12.26,2,34256568
2021.12.20,2021.12.26,3,34298499
2021.12.20,2021.12.26,4,14776
2021.12.20,2021.12.26,5,34349913
2021.12.27,2022.01.02,1,34398735
2021.12.27,2022.01.02,2,34256568
2021.12.27,2022.01.02,3,34298499
2021.12.27,2022.01.02,4,34349913
2021.12.27,2022.01.02,5,34481682
2019.12.30,2020.01.05,1,32224272
2019.12.30,2020.01.05,2,32273582
2019.12.30,2020.01.05,3,32228058
2019.12.30,2020.01.05,4,32183386
2019.12.30,2020.01.05,5,32156286
2020.01.06,2020.01.12,1,32224272
2020.01.06,2020.01.12,2,32273582
2020.01.06,2020.01.12,3,32228058
2020.01.06,2020.01.12,4,32183386
2020.01.06,2020.01.12,5,32156286
2020.01.13,2020.01.19,1,32313543
2020.01.13,2020.01.19,2,32224272
2020.01.13,2020.01.19,3,32273582
2020.01.13,2020.01.19,4,32311870
2020.01.13,2020.01.19,5,32183386
2020.01.20,2020.01.26,1,32313543
2020.01.20,2020.01.26,2,32224272
2020.01.20,2020.01.26,3,32273582
2020.01.20,2020.01.26,4,32183386
2020.01.20,2020.01.26,5,32311870
2020.01.27,2020.02.02,1,32313543
2020.01.27,2020.02.02,2,32224272
2020.01.27,2020.02.02,3,32273582
2020.01.27,2020.02.02,4,32183386
2020.01.27,2020.02.02,5,32311870
2020.02.03,2020.02.09,1,32313543
2020.02.03,2020.02.09,2,32224272
2020.02.03,2020.02.09,3,32273582
2020.02.03,2020.02.09,4,32311870
2020.02.03,2020.02.09,5,32183386
2020.02.10,2020.02.16,1,32313543
2020.02.10,2020.02.16,2,32224272
2020.02.10,2020.02.16,3,32364000
2020.02.10,2020.02.16,4,32273582
2020.02.10,2020.02.16,5,32311870
2020.02.17,2020.02.23,1,32378104
2020.02.17,2020.02.23,2,32313543
2020.02.17,2020.02.23,3,32224272
2020.02.17,2020.02.23,4,32364000
2020.02.17,2020.02.23,5,32311870
2020.02.24,2020.03.01,1,32313543
2020.02.24,2020.03.01,2,32378104
2020.02.24,2020.03.01,3,32399830
2020.02.24,2020.03.01,4,32224272
2020.02.24,2020.03.01,5,32311870
2020.03.02,2020.03.08,1,32313543
2020.03.02,2020.03.08,2,32378104
2020.03.02,2020.03.08,3,32399830
2020.03.02,2020.03.08,4,32224272
2020.03.02,2020.03.08,5,32156286
2020.03.09,2020.03.15,1,32313543
2020.03.09,2020.03.15,2,32378104
2020.03.09,2020.03.15,3,32399830
2020.03.09,2020.03.15,4,32345931
2020.03.09,2020.03.15,5,32224272
2020.03.16,2020.03.22,1,32345931
2020.03.16,2020.03.22,2,32313543
2020.03.16,2020.03.22,3,32378104
2020.03.16,2020.03.22,4,32399830
2020.03.16,2020.03.22,5,32377231
2020.03.23,2020.03.29,1,32345931
2020.03.23,2020.03.29,2,32377231
2020.03.23,2020.03.29,3,32486613
2020.03.23,2020.03.29,4,32313543
2020.03.23,2020.03.29,5,32361098
2020.03.30,2020.04.05,1,32486613
2020.03.30,2020.04.05,2,32345931
2020.03.30,2020.04.05,3,32377231
2020.03.30,2020.04.05,4,32313543
2020.03.30,2020.04.05,5,32003395
2020.04.06,2020.04.12,1,32486613
2020.04.06,2020.04.12,2,32345931
2020.04.06,2020.04.12,3,32377231
2020.04.06,2020.04.12,4,32003395
2020.04.06,2020.04.12,5,32313543
2020.04.13,2020.04.19,1,32491274
2020.04.13,2020.04.19,2,32486613
2020.04.13,2020.04.19,3,32345931
2020.04.13,2020.04.19,4,32528369
2020.04.13,2020.04.19,5,32003395
2020.04.20,2020.04.26,1,32491274
2020.04.20,2020.04.26,2,32486613
2020.04.20,2020.04.26,3,32345931
2020.04.20,2020.04.26,4,32528369
2020.04.20,2020.04.26,5,32550314
2020.04.27,2020.05.03,1,32491274
2020.04.27,2020.05.03,2,32559781
2020.04.27,2020.05.03,3,32528369
2020.04.27,2020.05.03,4,32345931
2020.04.27,2020.05.03,5,32486613
2020.05.04,2020.05.10,1,32578498
2020.05.04,2020.05.10,2,32491274
2020.05.04,2020.05.10,3,32559781
2020.05.04,2020.05.10,4,32572926
2020.05.04,2020.05.10,5,32583036
2020.05.11,2020.05.17,1,32578498
2020.05.11,2020.05.17,2,32491274
2020.05.11,2020.05.17,3,32583036
2020.05.11,2020.05.17,4,32559781
2020.05.11,2020.05.17,5,32486613
2020.05.18,2020.05.24,1,32578498
2020.05.18,2020.05.24,2,32491274
2020.05.18,2020.05.24,3,32583036
2020.05.18,2020.05.24,4,32559781
2020.05.18,2020.05.24,5,32345931
2020.05.25,2020.05.31,1,32578498
2020.05.25,2020.05.31,2,32614125
2020.05.25,2020.05.31,3,32491274
2020.05.25,2020.05.31,4,32583036
2020.05.25,2020.05.31,5,32559781
2020.06.01,2020.06.07,1,32614125
2020.06.01,2020.06.07,2,32578498
2020.06.01,2020.06.07,3,32491274
2020.06.01,2020.06.07,4,32636656
2020.06.01,2020.06.07,5,32559781
2020.06.08,2020.06.14,1,32578498
2020.06.08,2020.06.14,2,32491274
2020.06.08,2020.06.14,3,32614125
2020.06.08,2020.06.14,4,32646938
2020.06.08,2020.06.14,5,32636656
2020.06.15,2020.06.21,1,30773554
2020.06.15,2020.06.21,2,32578498
2020.06.15,2020.06.21,3,32491274
2020.06.15,2020.06.21,4,32614125
2020.06.15,2020.06.21,5,32636656
2020.06.22,2020.06.28,1,30773554
2020.06.22,2020.06.28,2,32578498
2020.06.22,2020.06.28,3,32491274
2020.06.22,2020.06.28,4,32698765
2020.06.22,2020.06.28,5,32614125
2020.06.29,2020.07.05,1,32720013
2020.06.29,2020.07.05,2,30773554
2020.06.29,2020.07.05,3,32725013
2020.06.29,2020.07.05,4,32734372
2020.06.29,2020.07.05,5,32578498
2020.07.06,2020.07.12,1,32720013
2020.07.06,2020.07.12,2,32734372
2020.07.06,2020.07.12,3,30773554
2020.07.06,2020.07.12,4,32725013
2020.07.06,2020.07.12,5,32578498
2020.07.13,2020.07.19,1,32720013
2020.07.13,2020.07.19,2,32734372
2020.07.13,2020.07.19,3,32725013
2020.07.13,2020.07.19,4,30773554
2020.07.13,2020.07.19,5,32768945
2020.07.20,2020.07.26,1,32790516
2020.07.20,2020.07.26,2,32725013
2020.07.20,2020.07.26,3,32720013
2020.07.20,2020.07.26,4,32734372
2020.07.20,2020.07.26,5,32768945
2020.07.27,2020.08.02,1,32790516
2020.07.27,2020.08.02,2,32725013
2020.07.27,2020.08.02,3,32720013
2020.07.27,2020.08.02,4,32814383
2020.07.27,2020.08.02,5,32734372
2020.08.03,2020.08.09,1,32790516
2020.08.03,2020.08.09,2,32725013
2020.08.03,2020.08.09,3,32814383
2020.08.03,2020.08.09,4,32720013
2020.08.03,2020.08.09,5,32734372
2020.08.10,2020.08.16,1,32790516
2020.08.10,2020.08.16,2,32725013
2020.08.10,2020.08.16,3,32720013
2020.08.10,2020.08.16,4,32814383
2020.08.10,2020.08.16,5,32734372
2020.08.17,2020.08.23,1,32790516
2020.08.17,2020.08.23,2,32825454
2020.08.17,2020.08.23,3,32725013
2020.08.17,2020.08.23,4,32720013
2020.08.17,2020.08.23,5,32814383
2020.08.24,2020.08.30,1,32872978
2020.08.24,2020.08.30,2,32790516
2020.08.24,2020.08.30,3,32825454
2020.08.24,2020.08.30,4,32725013
2020.08.24,2020.08.30,5,32720013
2020.08.31,2020.09.06,1,32872978
2020.08.31,2020.09.06,2,32790516
2020.08.31,2020.09.06,3,32825454
2020.08.31,2020.09.06,4,32725013
2020.08.31,2020.09.06,5,32720013
2020.09.07,2020.09.13,1,32872978
2020.09.07,2020.09.13,2,32794652
2020.09.07,2020.09.13,3,32825454
2020.09.07,2020.09.13,4,32790516
2020.09.07,2020.09.13,5,32725013
2020.09.14,2020.09.20,1,32872978
2020.09.14,2020.09.20,2,32794652
2020.09.14,2020.09.20,3,32825454
2020.09.14,2020.09.20,4,32790516
2020.09.14,2020.09.20,5,32725013
2020.09.21,2020.09.27,1,32872978
2020.09.21,2020.09.27,2,32794652
2020.09.21,2020.09.27,3,32825454
2020.09.21,2020.09.27,4,32725013
2020.09.21,2020.09.27,5,32790516
2020.09.28,2020.10.04,1,32872978
2020.09.28,2020.10.04,2,32794652
2020.09.28,2020.10.04,3,32825454
2020.09.28,2020.10.04,4,32853712
2020.09.28,2020.10.04,5,32725013
2020.10.05,2020.10.11,1,32872978
2020.10.05,2020.10.11,2,32794652
2020.10.05,2020.10.11,3,32961718
2020.10.05,2020.10.11,4,32853712
2020.10.05,2020.10.11,5,32825454
2020.10.12,2020.10.18,1,32978341
2020.10.12,2020.10.18,2,32872978
2020.10.12,2020.10.18,3,32961718
2020.10.12,2020.10.18,4,32794652
2020.10.12,2020.10.18,5,32853712
2020.10.19,2020.10.25,1,32978341
2020.10.19,2020.10.25,2,32872978
2020.10.19,2020.10.25,3,32961718
2020.10.19,2020.10.25,4,32794652
2020.10.19,2020.10.25,5,32998018
2020.10.26,2020.11.01,1,32872978
2020.10.26,2020.11.01,2,32978341
2020.10.26,2020.11.01,3,32961718
2020.10.26,2020.11.01,4,32998018
2020.10.26,2020.11.01,5,32794652
2020.11.02,2020.11.08,1,32872978
2020.11.02,2020.11.08,2,32961718
2020.11.02,2020.11.08,3,32998018
2020.11.02,2020.11.08,4,32978341
2020.11.02,2020.11.08,5,32794652
2020.11.09,2020.11.15,1,32872978
2020.11.09,2020.11.15,2,32998018
2020.11.09,2020.11.15,3,32961718
2020.11.09,2020.11.15,4,32794652
2020.11.09,2020.11.15,5,32978341
2020.11.16,2020.11.22,1,32872978
2020.11.16,2020.11.22,2,32998018
2020.11.16,2020.11.22,3,33013877
2020.11.16,2020.11.22,4,32961718
2020.11.16,2020.11.22,5,32794652
2020.11.23,2020.11.29,1,33077590
2020.11.23,2020.11.29,2,32872978
2020.11.23,2020.11.29,3,33013877
2020.11.23,2020.11.29,4,32998018
2020.11.23,2020.11.29,5,32961718
2020.11.30,2020.12.06,1,33077590
2020.11.30,2020.12.06,2,32872978
2020.11.30,2020.12.06,3,33013877
2020.11.30,2020.12.06,4,32998018
2020.11.30,2020.12.06,5,33077234
2020.12.07,2020.12.13,1,33077590
2020.12.07,2020.12.13,2,33115807
2020.12.07,2020.12.13,3,32872978
2020.12.07,2020.12.13,4,33013877
2020.12.07,2020.12.13,5,32998018
2020.12.14,2020.12.20,1,33077590
2020.12.14,2020.12.20,2,32872978
2020.12.14,2020.12.20,3,33061995
2020.12.14,2020.12.20,4,33115807
2020.12.14,2020.12.20,5,33013877
2020.12.21,2020.12.27,1,33077590
2020.12.21,2020.12.27,2,14776
2020.12.21,2020.12.27,3,33061995
2020.12.21,2020.12.27,4,32872978
2020.12.21,2020.12.27,5,5475060
2020.12.28,2021.01.03,1,33077590
2020.12.28,2021.01.03,2,33061995
2020.12.28,2021.01.03,3,32872978
2020.12.28,2021.01.03,4,33013877
2020.12.28,2021.01.03,5,33115807
